{
  "translation": [
    -1.14510262547168e+01,
    -2.91367669294767e+01,
    1.58000000000000e+01
  ],
  "roll": 0.00000000000000,
  "pitch": -2.17100000000000,
  "yaw": -1.15339818525314,
  "focal length": 1.88113519337606e+03,
  "radial distortion": 0,
  "horizontal fov": 1.57079632679,
  "image size": {
    "width": 1920,
    "height": 1080
  }
}

